alias,group
ige абрикос,allergen_abrikos
абрикос,allergen_abrikos
абрикос ige,allergen_abrikos
аллерген абрикос,allergen_abrikos
аллергия на абрикос,allergen_abrikos
ige акация,allergen_akatsiya
акация,allergen_akatsiya
акация acacia species,allergen_akatsiya
акация ige,allergen_akatsiya
аллерген акация,allergen_akatsiya
аллерген акация acacia species,allergen_akatsiya
аллергия на акация,allergen_akatsiya
ige амброзия,allergen_ambroziya
аллерген амброзия,allergen_ambroziya
аллерген амброзия обыкновенная ambrosia elatior,allergen_ambroziya
аллергия на амброзия,allergen_ambroziya
амброзия,allergen_ambroziya
амброзия ige,allergen_ambroziya
амброзия обыкновенная ambrosia elatior,allergen_ambroziya
ige амоксициллин,allergen_amoksitsillin
аллерген амоксициллин,allergen_amoksitsillin
аллергия на амоксициллин,allergen_amoksitsillin
амоксициллин,allergen_amoksitsillin
амоксициллин ige,allergen_amoksitsillin
ige ампициллин,allergen_ampitsillin
аллерген ампициллин,allergen_ampitsillin
аллергия на ампициллин,allergen_ampitsillin
ампициллин,allergen_ampitsillin
ампициллин ige,allergen_ampitsillin
ige анальгин,allergen_analgin
аллерген анальгин,allergen_analgin
аллергия на анальгин,allergen_analgin
анальгин,allergen_analgin
анальгин ige,allergen_analgin
ige ананас,allergen_ananas
аллерген ананас,allergen_ananas
аллергия на ананас,allergen_ananas
ананас,allergen_ananas
ананас ige,allergen_ananas
ige апельсин,allergen_apelsin
аллерген апельсин,allergen_apelsin
аллергия на апельсин,allergen_apelsin
апельсин,allergen_apelsin
апельсин ige,allergen_apelsin
ige арахис,allergen_arahis
аллерген арахис,allergen_arahis
аллергия на арахис,allergen_arahis
арахис,allergen_arahis
арахис ige,allergen_arahis
ige ацетилсалициловая кислота,allergen_atsetilsalitsilovaya_kislota
аллерген аспирин,allergen_atsetilsalitsilovaya_kislota
аллерген ацетилсалициловая кислота,allergen_atsetilsalitsilovaya_kislota
аллерген ацетилсалициловая кислота аспирин,allergen_atsetilsalitsilovaya_kislota
аллергия на аспирин,allergen_atsetilsalitsilovaya_kislota
аллергия на ацетилсалициловая кислота,allergen_atsetilsalitsilovaya_kislota
аспирин,allergen_atsetilsalitsilovaya_kislota
ацетилсалициловая кислота,allergen_atsetilsalitsilovaya_kislota
ацетилсалициловая кислота ige,allergen_atsetilsalitsilovaya_kislota
ацетилсалициловая кислота аспирин,allergen_atsetilsalitsilovaya_kislota
ige авокадо,allergen_avokado
авокадо,allergen_avokado
авокадо ige,allergen_avokado
аллерген авокадо,allergen_avokado
аллергия на авокадо,allergen_avokado
ige азитромицин,allergen_azitromitsin
азитромицин,allergen_azitromitsin
азитромицин ige,allergen_azitromitsin
аллерген азитромицин,allergen_azitromitsin
аллергия на азитромицин,allergen_azitromitsin
ige баклажан,allergen_baklazhan
аллерген баклажан,allergen_baklazhan
аллергия на баклажан,allergen_baklazhan
баклажан,allergen_baklazhan
баклажан ige,allergen_baklazhan
ige банан,allergen_banan
аллерген банан,allergen_banan
аллергия на банан,allergen_banan
банан,allergen_banan
банан ige,allergen_banan
ige баранина,allergen_baranina
аллерген баранина,allergen_baranina
аллергия на баранина,allergen_baranina
баранина,allergen_baranina
баранина ige,allergen_baranina
ige береза,allergen_bereza
аллерген береза,allergen_bereza
аллерген береза betula alba,allergen_bereza
аллергия на береза,allergen_bereza
береза,allergen_bereza
береза betula alba,allergen_bereza
береза ige,allergen_bereza
ige бобы соевые,allergen_boby_soevye
аллерген бобы соевые,allergen_boby_soevye
аллергия на бобы соевые,allergen_boby_soevye
бобы соевые,allergen_boby_soevye
бобы соевые ige,allergen_boby_soevye
ige бухарник шерстистый,allergen_buharnik_sherstistyy
аллерген бухарник шерстистый,allergen_buharnik_sherstistyy
аллерген бухарник шерстистый holcus lanatus,allergen_buharnik_sherstistyy
аллергия на бухарник шерстистый,allergen_buharnik_sherstistyy
бухарник шерстистый,allergen_buharnik_sherstistyy
бухарник шерстистый holcus lanatus,allergen_buharnik_sherstistyy
бухарник шерстистый ige,allergen_buharnik_sherstistyy
ige бук,allergen_buk
аллерген бук,allergen_buk
аллерген бук fagus grandifolia,allergen_buk
аллергия на бук,allergen_buk
бук,allergen_buk
бук fagus grandifolia,allergen_buk
бук ige,allergen_buk
ige чечевица,allergen_chechevitsa
аллерген чечевица,allergen_chechevitsa
аллергия на чечевица,allergen_chechevitsa
чечевица,allergen_chechevitsa
чечевица ige,allergen_chechevitsa
ige чеснок,allergen_chesnok
аллерген чеснок,allergen_chesnok
аллергия на чеснок,allergen_chesnok
чеснок,allergen_chesnok
чеснок ige,allergen_chesnok
ige диклофенак,allergen_diklofenak
аллерген диклофенак,allergen_diklofenak
аллергия на диклофенак,allergen_diklofenak
диклофенак,allergen_diklofenak
диклофенак ige,allergen_diklofenak
ige доксициклин,allergen_doksitsiklin
аллерген доксициклин,allergen_doksitsiklin
аллергия на доксициклин,allergen_doksitsiklin
доксициклин,allergen_doksitsiklin
доксициклин ige,allergen_doksitsiklin
ige домашняя пыль,allergen_domashnyaya_pyl
аллерген домашняя пыль,allergen_domashnyaya_pyl
аллерген домашняя пыль holister,allergen_domashnyaya_pyl
аллерген домашняя пыль тип greer,allergen_domashnyaya_pyl
аллергия на домашнюю пыль,allergen_domashnyaya_pyl
аллергия на домашняя пыль,allergen_domashnyaya_pyl
домашняя пыль,allergen_domashnyaya_pyl
домашняя пыль holister,allergen_domashnyaya_pyl
домашняя пыль ige,allergen_domashnyaya_pyl
домашняя пыль тип greer,allergen_domashnyaya_pyl
ige дрожжи,allergen_drozhzhi
аллерген дрожжи,allergen_drozhzhi
аллерген дрожжи пекарские,allergen_drozhzhi
аллерген дрожжи пивные,allergen_drozhzhi
аллергия на дрожжи,allergen_drozhzhi
дрожжи,allergen_drozhzhi
дрожжи ige,allergen_drozhzhi
дрожжи пекарские,allergen_drozhzhi
дрожжи пивные,allergen_drozhzhi
ige дуб,allergen_dub
аллерген дуб,allergen_dub
аллерген дуб белый quercus alba,allergen_dub
аллерген дуб смешанный q rubra alba valentina,allergen_dub
аллергия на дуб,allergen_dub
дуб,allergen_dub
дуб ige,allergen_dub
дуб белый quercus alba,allergen_dub
дуб смешанный q rubra alba valentina,allergen_dub
ige дыня,allergen_dynya
аллерген дыня,allergen_dynya
аллергия на дыня,allergen_dynya
дыня,allergen_dynya
дыня ige,allergen_dynya
ige энтеротоксин а,allergen_enterotoksin_a
аллерген энтеротоксин а,allergen_enterotoksin_a
аллерген энтеротоксин а staphylococcus aureus,allergen_enterotoksin_a
аллергия на энтеротоксин а,allergen_enterotoksin_a
энтеротоксин а,allergen_enterotoksin_a
энтеротоксин а ige,allergen_enterotoksin_a
энтеротоксин а staphylococcus aureus,allergen_enterotoksin_a
ige энтеротоксин b,allergen_enterotoksin_b
аллерген энтеротоксин b,allergen_enterotoksin_b
аллерген энтеротоксин b staphylococcus aureus,allergen_enterotoksin_b
аллергия на энтеротоксин b,allergen_enterotoksin_b
энтеротоксин b,allergen_enterotoksin_b
энтеротоксин b ige,allergen_enterotoksin_b
энтеротоксин b staphylococcus aureus,allergen_enterotoksin_b
ige эвкалипт,allergen_evkalipt
аллерген эвкалипт,allergen_evkalipt
аллерген эвкалипт eucaliptus globulus,allergen_evkalipt
аллергия на эвкалипт,allergen_evkalipt
эвкалипт,allergen_evkalipt
эвкалипт eucaliptus globulus,allergen_evkalipt
эвкалипт ige,allergen_evkalipt
ige ежа сборная,allergen_ezha_sbornaya
аллерген ежа сборная,allergen_ezha_sbornaya
аллерген ежа сборная dactylis glomerata,allergen_ezha_sbornaya
аллергия на ежа сборная,allergen_ezha_sbornaya
ежа сборная,allergen_ezha_sbornaya
ежа сборная dactylis glomerata,allergen_ezha_sbornaya
ежа сборная ige,allergen_ezha_sbornaya
ige фасоль,allergen_fasol
аллерген фасоль,allergen_fasol
аллерген фасоль белая,allergen_fasol
аллерген фасоль зеленая,allergen_fasol
аллерген фасоль красная,allergen_fasol
аллергия на фасоль,allergen_fasol
фасоль,allergen_fasol
фасоль ige,allergen_fasol
фасоль белая,allergen_fasol
фасоль зеленая,allergen_fasol
фасоль красная,allergen_fasol
ige фикус,allergen_fikus
аллерген фикус,allergen_fikus
аллергия на фикус,allergen_fikus
фикус,allergen_fikus
фикус ige,allergen_fikus
ige финики,allergen_finiki
аллерген финики,allergen_finiki
аллергия на финики,allergen_finiki
финики,allergen_finiki
финики ige,allergen_finiki
ige фисташки,allergen_fistashki
аллерген фисташки,allergen_fistashki
аллергия на фисташки,allergen_fistashki
фисташки,allergen_fistashki
фисташки ige,allergen_fistashki
ige форель,allergen_forel
аллерген форель,allergen_forel
аллергия на форель,allergen_forel
форель,allergen_forel
форель ige,allergen_forel
ige формальдегид,allergen_formaldegid
аллерген формальдегид,allergen_formaldegid
аллергия на формальдегид,allergen_formaldegid
формальдегид,allergen_formaldegid
формальдегид ige,allergen_formaldegid
ige фундук,allergen_funduk
аллерген фундук,allergen_funduk
аллергия на фундук,allergen_funduk
фундук,allergen_funduk
фундук ige,allergen_funduk
ige голубь,allergen_golub
аллерген голубь,allergen_golub
аллерген голубь помет,allergen_golub
аллерген помет,allergen_golub
аллергия на голубь,allergen_golub
аллергия на помет,allergen_golub
голубь,allergen_golub
голубь ige,allergen_golub
голубь помет,allergen_golub
помет,allergen_golub
ige горчица,allergen_gorchitsa
аллерген горчица,allergen_gorchitsa
аллергия на горчица,allergen_gorchitsa
горчица,allergen_gorchitsa
горчица ige,allergen_gorchitsa
ige горошек зеленый,allergen_goroshek_zelenyy
аллерген горошек зеленый,allergen_goroshek_zelenyy
аллергия на горошек зеленый,allergen_goroshek_zelenyy
горошек зеленый,allergen_goroshek_zelenyy
горошек зеленый ige,allergen_goroshek_zelenyy
ige говядина,allergen_govyadina
аллерген говядина,allergen_govyadina
аллергия на говядина,allergen_govyadina
говядина,allergen_govyadina
говядина ige,allergen_govyadina
ige граб обыкновенный,allergen_grab_obyknovennyy
аллерген граб обыкновенный,allergen_grab_obyknovennyy
аллерген граб обыкновенный carpinus betulus,allergen_grab_obyknovennyy
аллергия на граб обыкновенный,allergen_grab_obyknovennyy
граб обыкновенный,allergen_grab_obyknovennyy
граб обыкновенный carpinus betulus,allergen_grab_obyknovennyy
граб обыкновенный ige,allergen_grab_obyknovennyy
ige гребешок,allergen_grebeshok
аллерген гребешок,allergen_grebeshok
аллергия на гребешок,allergen_grebeshok
гребешок,allergen_grebeshok
гребешок ige,allergen_grebeshok
ige грецкий орех,allergen_gretskiy_oreh
аллерген грецкий орех,allergen_gretskiy_oreh
аллерген грецкий орех juglans regia,allergen_gretskiy_oreh
аллергия на грецкий орех,allergen_gretskiy_oreh
грецкий орех,allergen_gretskiy_oreh
грецкий орех ige,allergen_gretskiy_oreh
грецкий орех juglans regia,allergen_gretskiy_oreh
ige грейпфрут,allergen_greypfrut
аллерген грейпфрут,allergen_greypfrut
аллергия на грейпфрут,allergen_greypfrut
грейпфрут,allergen_greypfrut
грейпфрут ige,allergen_greypfrut
ige грибы,allergen_griby
аллерген грибы,allergen_griby
аллерген грибы шампиньоны,allergen_griby
аллерген шампиньоны,allergen_griby
аллергия на грибы,allergen_griby
аллергия на шампиньоны,allergen_griby
грибы,allergen_griby
грибы ige,allergen_griby
грибы шампиньоны,allergen_griby
шампиньоны,allergen_griby
ige груша,allergen_grusha
аллерген груша,allergen_grusha
аллергия на груша,allergen_grusha
груша,allergen_grusha
груша ige,allergen_grusha
ige гусь,allergen_gus
аллерген гусь,allergen_gus
аллерген гусь перо,allergen_gus
аллергия на гусь,allergen_gus
гусь,allergen_gus
гусь ige,allergen_gus
гусь перо,allergen_gus
ige хлопок,allergen_hlopok
аллерген хлопок,allergen_hlopok
аллергия на хлопок,allergen_hlopok
хлопок,allergen_hlopok
хлопок ige,allergen_hlopok
ige хомяк,allergen_homyak
аллерген хомяк,allergen_homyak
аллерген хомяк эпителий,allergen_homyak
аллергия на хомяк,allergen_homyak
хомяк,allergen_homyak
хомяк ige,allergen_homyak
хомяк эпителий,allergen_homyak
ige хурма,allergen_hurma
аллерген хурма,allergen_hurma
аллергия на хурма,allergen_hurma
хурма,allergen_hurma
хурма ige,allergen_hurma
ige ибупрофен,allergen_ibuprofen
аллерген ибупрофен,allergen_ibuprofen
аллергия на ибупрофен,allergen_ibuprofen
ибупрофен,allergen_ibuprofen
ибупрофен ige,allergen_ibuprofen
ige имбирь,allergen_imbir
аллерген имбирь,allergen_imbir
аллергия на имбирь,allergen_imbir
имбирь,allergen_imbir
имбирь ige,allergen_imbir
ige индейка,allergen_indeyka
аллерген индейка,allergen_indeyka
аллергия на индейка,allergen_indeyka
индейка,allergen_indeyka
индейка ige,allergen_indeyka
ige инсулин человеческий,allergen_insulin_chelovecheskiy
аллерген инсулин человеческий,allergen_insulin_chelovecheskiy
аллергия на инсулин человеческий,allergen_insulin_chelovecheskiy
инсулин человеческий,allergen_insulin_chelovecheskiy
инсулин человеческий ige,allergen_insulin_chelovecheskiy
ige инжир,allergen_inzhir
аллерген инжир,allergen_inzhir
аллергия на инжир,allergen_inzhir
инжир,allergen_inzhir
инжир ige,allergen_inzhir
ige ива,allergen_iva
аллерген ива,allergen_iva
аллерген ива salix nigra,allergen_iva
аллергия на ива,allergen_iva
ива,allergen_iva
ива ige,allergen_iva
ива salix nigra,allergen_iva
ige какао,allergen_kakao
аллерген какао,allergen_kakao
аллергия на какао,allergen_kakao
какао,allergen_kakao
какао ige,allergen_kakao
ige камбала,allergen_kambala
аллерген камбала,allergen_kambala
аллергия на камбала,allergen_kambala
камбала,allergen_kambala
камбала ige,allergen_kambala
ige канарейка,allergen_kanareyka
аллерген канарейка,allergen_kanareyka
аллерген канарейка перо,allergen_kanareyka
аллергия на канарейка,allergen_kanareyka
канарейка,allergen_kanareyka
канарейка ige,allergen_kanareyka
канарейка перо,allergen_kanareyka
ige капуста,allergen_kapusta
аллерген капуста,allergen_kapusta
аллерген капуста брокколи,allergen_kapusta
аллерген капуста брюссельская,allergen_kapusta
аллерген капуста кочанная,allergen_kapusta
аллерген капуста цветная,allergen_kapusta
аллергия на капуста,allergen_kapusta
капуста,allergen_kapusta
капуста ige,allergen_kapusta
капуста брокколи,allergen_kapusta
капуста брюссельская,allergen_kapusta
капуста кочанная,allergen_kapusta
капуста цветная,allergen_kapusta
ige карри,allergen_karri
аллерген карри,allergen_karri
аллерген карри приправа,allergen_karri
аллерген приправа,allergen_karri
аллергия на карри,allergen_karri
аллергия на приправа,allergen_karri
карри,allergen_karri
карри ige,allergen_karri
карри приправа,allergen_karri
приправа,allergen_karri
ige картофель,allergen_kartofel
аллерген картофель,allergen_kartofel
аллергия на картофель,allergen_kartofel
картофель,allergen_kartofel
картофель ige,allergen_kartofel
ige кешью,allergen_keshyu
аллерген кешью,allergen_keshyu
аллергия на кешью,allergen_keshyu
кешью,allergen_keshyu
кешью ige,allergen_keshyu
ige кетопрофен,allergen_ketoprofen
аллерген кетопрофен,allergen_ketoprofen
аллергия на кетопрофен,allergen_ketoprofen
кетопрофен,allergen_ketoprofen
кетопрофен ige,allergen_ketoprofen
ige кипарис вечнозеленый итальянский,allergen_kiparis_vechnozelenyy_italyanskiy
аллерген кипарис вечнозеленый итальянский,allergen_kiparis_vechnozelenyy_italyanskiy
аллерген кипарис вечнозеленый итальянский cupressus sempervirens,allergen_kiparis_vechnozelenyy_italyanskiy
аллергия на кипарис вечнозеленый итальянский,allergen_kiparis_vechnozelenyy_italyanskiy
кипарис вечнозеленый итальянский,allergen_kiparis_vechnozelenyy_italyanskiy
кипарис вечнозеленый итальянский cupressus sempervirens,allergen_kiparis_vechnozelenyy_italyanskiy
кипарис вечнозеленый итальянский ige,allergen_kiparis_vechnozelenyy_italyanskiy
ige киви,allergen_kivi
аллерген киви,allergen_kivi
аллергия на киви,allergen_kivi
киви,allergen_kivi
киви ige,allergen_kivi
ige клен ясенелистный,allergen_klen_yasenelistnyy
аллерген клен ясенелистный,allergen_klen_yasenelistnyy
аллерген клен ясенелистный acer negundo,allergen_klen_yasenelistnyy
аллергия на клен ясенелистный,allergen_klen_yasenelistnyy
клен ясенелистный,allergen_klen_yasenelistnyy
клен ясенелистный acer negundo,allergen_klen_yasenelistnyy
клен ясенелистный ige,allergen_klen_yasenelistnyy
ige клещ домашней пыли,allergen_klesch_domashney_pyli
аллерген клещ,allergen_klesch_domashney_pyli
аллерген клещ дерматофаг мучной d farinae,allergen_klesch_domashney_pyli
аллерген клещ дерматофаг перинный d pteronyssinus,allergen_klesch_domashney_pyli
аллерген клещ домашней пыли,allergen_klesch_domashney_pyli
аллергия на клещ домашней пыли,allergen_klesch_domashney_pyli
аллергия на клещей,allergen_klesch_domashney_pyli
клещ,allergen_klesch_domashney_pyli
клещ дерматофаг мучной d farinae,allergen_klesch_domashney_pyli
клещ дерматофаг перинный d pteronyssinus,allergen_klesch_domashney_pyli
клещ домашней пыли,allergen_klesch_domashney_pyli
клещ домашней пыли ige,allergen_klesch_domashney_pyli
клещи,allergen_klesch_domashney_pyli
клещи домашней пыли,allergen_klesch_domashney_pyli
ige клейковина,allergen_kleykovina
аллерген глютен,allergen_kleykovina
аллерген клейковина,allergen_kleykovina
аллерген клейковина глютен,allergen_kleykovina
аллергия на глютен,allergen_kleykovina
аллергия на клейковина,allergen_kleykovina
глютен,allergen_kleykovina
клейковина,allergen_kleykovina
клейковина ige,allergen_kleykovina
клейковина глютен,allergen_kleykovina
ige клубника,allergen_klubnika
аллерген клубника,allergen_klubnika
аллергия на клубника,allergen_klubnika
клубника,allergen_klubnika
клубника ige,allergen_klubnika
ige кофе,allergen_kofe
аллерген кофе,allergen_kofe
аллергия на кофе,allergen_kofe
кофе,allergen_kofe
кофе ige,allergen_kofe
ige кокос,allergen_kokos
аллерген кокос,allergen_kokos
аллергия на кокос,allergen_kokos
кокос,allergen_kokos
кокос ige,allergen_kokos
ige колосок душистый,allergen_kolosok_dushistyy
аллерген колосок душистый,allergen_kolosok_dushistyy
аллерген колосок душистый anthoxantum odoratum,allergen_kolosok_dushistyy
аллергия на колосок душистый,allergen_kolosok_dushistyy
колосок душистый,allergen_kolosok_dushistyy
колосок душистый anthoxantum odoratum,allergen_kolosok_dushistyy
колосок душистый ige,allergen_kolosok_dushistyy
ige комар,allergen_komar
аллерген комар,allergen_komar
аллерген комар сем culicidae,allergen_komar
аллерген сем culicidae,allergen_komar
аллергия на комар,allergen_komar
аллергия на сем culicidae,allergen_komar
комар,allergen_komar
комар ige,allergen_komar
комар сем culicidae,allergen_komar
сем culicidae,allergen_komar
ige корова,allergen_korova
аллерген корова,allergen_korova
аллерген корова перхоть,allergen_korova
аллергия на корова,allergen_korova
корова,allergen_korova
корова ige,allergen_korova
корова перхоть,allergen_korova
ige кошка,allergen_koshka
аллерген кошка,allergen_koshka
аллерген кошка эпителий,allergen_koshka
аллергия на кошка,allergen_koshka
кошка,allergen_koshka
кошка ige,allergen_koshka
кошка эпителий,allergen_koshka
ige кострец безостый,allergen_kostrets_bezostyy
аллерген кострец безостый,allergen_kostrets_bezostyy
аллерген кострец безостый bromus inermis,allergen_kostrets_bezostyy
аллергия на кострец безостый,allergen_kostrets_bezostyy
кострец безостый,allergen_kostrets_bezostyy
кострец безостый bromus inermis,allergen_kostrets_bezostyy
кострец безостый ige,allergen_kostrets_bezostyy
ige коза,allergen_koza
аллерген коза,allergen_koza
аллерген коза эпителий,allergen_koza
аллергия на коза,allergen_koza
коза,allergen_koza
коза ige,allergen_koza
коза эпителий,allergen_koza
ige краб,allergen_krab
аллерген краб,allergen_krab
аллергия на краб,allergen_krab
краб,allergen_krab
краб ige,allergen_krab
ige крапива двудомная,allergen_krapiva_dvudomnaya
аллерген крапива двудомная,allergen_krapiva_dvudomnaya
аллерген крапива двудомная urtica dioica,allergen_krapiva_dvudomnaya
аллергия на крапива двудомная,allergen_krapiva_dvudomnaya
крапива двудомная,allergen_krapiva_dvudomnaya
крапива двудомная ige,allergen_krapiva_dvudomnaya
крапива двудомная urtica dioica,allergen_krapiva_dvudomnaya
ige креветки,allergen_krevetki
аллерген креветки,allergen_krevetki
аллергия на креветки,allergen_krevetki
креветки,allergen_krevetki
креветки ige,allergen_krevetki
ige кролик,allergen_krolik
аллерген кролик,allergen_krolik
аллерген кролик эпителий,allergen_krolik
аллергия на кролик,allergen_krolik
кролик,allergen_krolik
кролик ige,allergen_krolik
кролик эпителий,allergen_krolik
ige крыса,allergen_krysa
аллерген крыса,allergen_krysa
аллерген крыса моча,allergen_krysa
аллерген крыса эпителий,allergen_krysa
аллерген моча,allergen_krysa
аллергия на крыса,allergen_krysa
аллергия на моча,allergen_krysa
крыса,allergen_krysa
крыса ige,allergen_krysa
крыса моча,allergen_krysa
крыса эпителий,allergen_krysa
моча,allergen_krysa
ige кунжут,allergen_kunzhut
аллерген кунжут,allergen_kunzhut
аллергия на кунжут,allergen_kunzhut
кунжут,allergen_kunzhut
кунжут ige,allergen_kunzhut
ige курица,allergen_kuritsa
аллерген куриное мясо,allergen_kuritsa
аллерген курица,allergen_kuritsa
аллерген курица перо,allergen_kuritsa
аллерген курица протеины сыворотки,allergen_kuritsa
аллерген протеины сыворотки,allergen_kuritsa
аллергия на курица,allergen_kuritsa
аллергия на протеины сыворотки,allergen_kuritsa
куриное мясо,allergen_kuritsa
курица,allergen_kuritsa
курица ige,allergen_kuritsa
курица перо,allergen_kuritsa
курица протеины сыворотки,allergen_kuritsa
протеины сыворотки,allergen_kuritsa
ige латекс,allergen_lateks
аллерген латекс,allergen_lateks
аллергия на латекс,allergen_lateks
латекс,allergen_lateks
латекс ige,allergen_lateks
ige лавровый лист,allergen_lavrovyy_list
аллерген лавровый лист,allergen_lavrovyy_list
аллергия на лавровый лист,allergen_lavrovyy_list
лавровый лист,allergen_lavrovyy_list
лавровый лист ige,allergen_lavrovyy_list
ige лебеда,allergen_lebeda
аллерген лебеда,allergen_lebeda
аллерген лебеда сереющая atriplex canescens,allergen_lebeda
аллерген лебеда чечевицеобразная a lentiformis,allergen_lebeda
аллергия на лебеда,allergen_lebeda
лебеда,allergen_lebeda
лебеда ige,allergen_lebeda
лебеда сереющая atriplex canescens,allergen_lebeda
лебеда чечевицеобразная a lentiformis,allergen_lebeda
ige лещина обыкновенная,allergen_leschina_obyknovennaya
аллерген лещина обыкновенная,allergen_leschina_obyknovennaya
аллерген лещина обыкновенная corylus avellana,allergen_leschina_obyknovennaya
аллергия на лещина обыкновенная,allergen_leschina_obyknovennaya
лещина обыкновенная,allergen_leschina_obyknovennaya
лещина обыкновенная corylus avellana,allergen_leschina_obyknovennaya
лещина обыкновенная ige,allergen_leschina_obyknovennaya
ige личинки anisakis,allergen_lichinki_anisakis
аллерген личинки anisakis,allergen_lichinki_anisakis
аллерген личинки anisakis anisakis larvae,allergen_lichinki_anisakis
аллергия на личинки anisakis,allergen_lichinki_anisakis
личинки anisakis,allergen_lichinki_anisakis
личинки anisakis anisakis larvae,allergen_lichinki_anisakis
личинки anisakis ige,allergen_lichinki_anisakis
ige лимон,allergen_limon
аллерген лимон,allergen_limon
аллергия на лимон,allergen_limon
лимон,allergen_limon
лимон ige,allergen_limon
ige липа,allergen_lipa
аллерген липа,allergen_lipa
аллергия на липа,allergen_lipa
липа,allergen_lipa
липа ige,allergen_lipa
ige лисохвост луговой,allergen_lisohvost_lugovoy
аллерген лисохвост луговой,allergen_lisohvost_lugovoy
аллерген лисохвост луговой alopecurus pratensis,allergen_lisohvost_lugovoy
аллергия на лисохвост луговой,allergen_lisohvost_lugovoy
лисохвост луговой,allergen_lisohvost_lugovoy
лисохвост луговой alopecurus pratensis,allergen_lisohvost_lugovoy
лисохвост луговой ige,allergen_lisohvost_lugovoy
ige лобстер,allergen_lobster
аллерген лобстер,allergen_lobster
аллерген лобстер омар,allergen_lobster
аллерген омар,allergen_lobster
аллергия на лобстер,allergen_lobster
аллергия на омар,allergen_lobster
лобстер,allergen_lobster
лобстер ige,allergen_lobster
лобстер омар,allergen_lobster
омар,allergen_lobster
ige лошадь,allergen_loshad
аллерген лошадь,allergen_loshad
аллерген лошадь перхоть,allergen_loshad
аллергия на лошадь,allergen_loshad
лошадь,allergen_loshad
лошадь ige,allergen_loshad
лошадь перхоть,allergen_loshad
ige лосось,allergen_losos
аллерген лосось,allergen_losos
аллергия на лосось,allergen_losos
лосось,allergen_losos
лосось ige,allergen_losos
ige лук,allergen_luk
аллерген лук,allergen_luk
аллергия на лук,allergen_luk
лук,allergen_luk
лук ige,allergen_luk
ige мандарин,allergen_mandarin
аллерген мандарин,allergen_mandarin
аллергия на мандарин,allergen_mandarin
мандарин,allergen_mandarin
мандарин ige,allergen_mandarin
ige манго,allergen_mango
аллерген манго,allergen_mango
аллергия на манго,allergen_mango
манго,allergen_mango
манго ige,allergen_mango
ige марь белая,allergen_mar_belaya
аллерген марь белая,allergen_mar_belaya
аллерген марь белая chenopodium album,allergen_mar_belaya
аллергия на марь белая,allergen_mar_belaya
марь белая,allergen_mar_belaya
марь белая chenopodium album,allergen_mar_belaya
марь белая ige,allergen_mar_belaya
ige масло подсолнечное,allergen_maslo_podsolnechnoe
аллерген масло подсолнечное,allergen_maslo_podsolnechnoe
аллергия на масло подсолнечное,allergen_maslo_podsolnechnoe
масло подсолнечное,allergen_maslo_podsolnechnoe
масло подсолнечное ige,allergen_maslo_podsolnechnoe
ige мидия,allergen_midiya
аллерген мидия,allergen_midiya
аллергия на мидия,allergen_midiya
мидия,allergen_midiya
мидия ige,allergen_midiya
ige миндаль,allergen_mindal
аллерген миндаль,allergen_mindal
аллергия на миндаль,allergen_mindal
миндаль,allergen_mindal
миндаль ige,allergen_mindal
ige моль,allergen_mol
аллерген моль,allergen_mol
аллерген моль сем tineidae,allergen_mol
аллерген сем tineidae,allergen_mol
аллергия на моль,allergen_mol
аллергия на сем tineidae,allergen_mol
моль,allergen_mol
моль ige,allergen_mol
моль сем tineidae,allergen_mol
сем tineidae,allergen_mol
ige молоко,allergen_moloko
аллерген альфа лактоальбумин,allergen_moloko
аллерген бета лактоглобулин,allergen_moloko
аллерген казеин,allergen_moloko
аллерген козье молоко,allergen_moloko
аллерген молоко,allergen_moloko
аллерген молоко кипяченое,allergen_moloko
аллерген молоко коровье,allergen_moloko
аллерген сыворотка молочная,allergen_moloko
аллергия на молоко,allergen_moloko
альфа лактоальбумин,allergen_moloko
бета лактоглобулин,allergen_moloko
казеин,allergen_moloko
козье молоко,allergen_moloko
молоко,allergen_moloko
молоко ige,allergen_moloko
молоко кипяченое,allergen_moloko
молоко коровье,allergen_moloko
сыворотка молочная,allergen_moloko
ige морковь,allergen_morkov
аллерген морковь,allergen_morkov
аллергия на морковь,allergen_morkov
морковь,allergen_morkov
морковь ige,allergen_morkov
ige морская свинка,allergen_morskaya_svinka
аллерген морская свинка,allergen_morskaya_svinka
аллерген морская свинка эпителий,allergen_morskaya_svinka
аллергия на морская свинка,allergen_morskaya_svinka
морская свинка,allergen_morskaya_svinka
морская свинка ige,allergen_morskaya_svinka
морская свинка эпителий,allergen_morskaya_svinka
ige мошки красной личинка,allergen_moshki_krasnoy_lichinka
аллерген мошки красной личинка,allergen_moshki_krasnoy_lichinka
аллерген мошки красной личинка chironomus plumosus,allergen_moshki_krasnoy_lichinka
аллергия на мошки красной личинка,allergen_moshki_krasnoy_lichinka
мошки красной личинка,allergen_moshki_krasnoy_lichinka
мошки красной личинка chironomus plumosus,allergen_moshki_krasnoy_lichinka
мошки красной личинка ige,allergen_moshki_krasnoy_lichinka
ige мука,allergen_muka
аллерген мука,allergen_muka
аллерген мука гречневая,allergen_muka
аллерген мука кукурузная,allergen_muka
аллерген мука овсяная,allergen_muka
аллерген мука пшеничная,allergen_muka
аллерген мука ржаная,allergen_muka
аллерген мука ячменная,allergen_muka
аллергия на мука,allergen_muka
мука,allergen_muka
мука ige,allergen_muka
мука гречневая,allergen_muka
мука кукурузная,allergen_muka
мука овсяная,allergen_muka
мука пшеничная,allergen_muka
мука ржаная,allergen_muka
мука ячменная,allergen_muka
ige муравей рыжий,allergen_muravey_ryzhiy
аллерген муравей рыжий,allergen_muravey_ryzhiy
аллерген муравей рыжий solenopsis invicta,allergen_muravey_ryzhiy
аллергия на муравей рыжий,allergen_muravey_ryzhiy
муравей рыжий,allergen_muravey_ryzhiy
муравей рыжий ige,allergen_muravey_ryzhiy
муравей рыжий solenopsis invicta,allergen_muravey_ryzhiy
ige мята,allergen_myata
аллерген мята,allergen_myata
аллергия на мята,allergen_myata
мята,allergen_myata
мята ige,allergen_myata
ige мятлик луговой,allergen_myatlik_lugovoy
аллерген мятлик луговой,allergen_myatlik_lugovoy
аллерген мятлик луговой poa pratensis,allergen_myatlik_lugovoy
аллергия на мятлик луговой,allergen_myatlik_lugovoy
мятлик луговой,allergen_myatlik_lugovoy
мятлик луговой ige,allergen_myatlik_lugovoy
мятлик луговой poa pratensis,allergen_myatlik_lugovoy
ige мышь,allergen_mysh
аллерген мышь,allergen_mysh
аллергия на мышь,allergen_mysh
мышь,allergen_mysh
мышь ige,allergen_mysh
ige нистатин,allergen_nistatin
аллерген нистатин,allergen_nistatin
аллергия на нистатин,allergen_nistatin
нистатин,allergen_nistatin
нистатин ige,allergen_nistatin
ige нут,allergen_nut
аллерген нут,allergen_nut
аллерген нут турецкий горох,allergen_nut
аллерген турецкий горох,allergen_nut
аллергия на нут,allergen_nut
аллергия на турецкий горох,allergen_nut
нут,allergen_nut
нут ige,allergen_nut
нут турецкий горох,allergen_nut
турецкий горох,allergen_nut
ige одуванчик,allergen_oduvanchik
аллерген одуванчик,allergen_oduvanchik
аллерген одуванчик taraxacum officinale,allergen_oduvanchik
аллергия на одуванчик,allergen_oduvanchik
одуванчик,allergen_oduvanchik
одуванчик ige,allergen_oduvanchik
одуванчик taraxacum officinale,allergen_oduvanchik
ige огурец,allergen_ogurets
аллерген огурец,allergen_ogurets
аллергия на огурец,allergen_ogurets
огурец,allergen_ogurets
огурец ige,allergen_ogurets
ige ольха,allergen_olha
аллерген ольха,allergen_olha
аллерген ольха alnus incana,allergen_olha
аллергия на ольха,allergen_olha
ольха,allergen_olha
ольха alnus incana,allergen_olha
ольха ige,allergen_olha
ige овес культивированный,allergen_oves_kultivirovannyy
аллерген овес культивированный,allergen_oves_kultivirovannyy
аллерген овес культивированный avena sativa,allergen_oves_kultivirovannyy
аллергия на овес культивированный,allergen_oves_kultivirovannyy
овес культивированный,allergen_oves_kultivirovannyy
овес культивированный avena sativa,allergen_oves_kultivirovannyy
овес культивированный ige,allergen_oves_kultivirovannyy
ige овсяница луговая,allergen_ovsyanitsa_lugovaya
аллерген овсяница луговая,allergen_ovsyanitsa_lugovaya
аллерген овсяница луговая festuca elatior,allergen_ovsyanitsa_lugovaya
аллергия на овсяница луговая,allergen_ovsyanitsa_lugovaya
овсяница луговая,allergen_ovsyanitsa_lugovaya
овсяница луговая festuca elatior,allergen_ovsyanitsa_lugovaya
овсяница луговая ige,allergen_ovsyanitsa_lugovaya
ige овца,allergen_ovtsa
аллерген овца,allergen_ovtsa
аллерген овца эпителий,allergen_ovtsa
аллергия на овца,allergen_ovtsa
овца,allergen_ovtsa
овца ige,allergen_ovtsa
овца эпителий,allergen_ovtsa
ige парацетамол,allergen_paratsetamol
аллерген парацетамол,allergen_paratsetamol
аллергия на парацетамол,allergen_paratsetamol
парацетамол,allergen_paratsetamol
парацетамол ige,allergen_paratsetamol
ige пенициллин,allergen_penitsillin
аллерген пенициллин,allergen_penitsillin
аллерген пенициллин g,allergen_penitsillin
аллерген пенициллин v,allergen_penitsillin
аллергия на пенициллин,allergen_penitsillin
пенициллин,allergen_penitsillin
пенициллин g,allergen_penitsillin
пенициллин ige,allergen_penitsillin
пенициллин v,allergen_penitsillin
ige перец,allergen_perets
аллерген паприка,allergen_perets
аллерген перец,allergen_perets
аллерген перец зеленый,allergen_perets
аллерген перец красный паприка,allergen_perets
аллерген перец черный,allergen_perets
аллергия на паприка,allergen_perets
аллергия на перец,allergen_perets
паприка,allergen_perets
перец,allergen_perets
перец ige,allergen_perets
перец зеленый,allergen_perets
перец красный паприка,allergen_perets
перец черный,allergen_perets
ige персик,allergen_persik
аллерген персик,allergen_persik
аллергия на персик,allergen_persik
персик,allergen_persik
персик ige,allergen_persik
ige петрушка,allergen_petrushka
аллерген петрушка,allergen_petrushka
аллергия на петрушка,allergen_petrushka
петрушка,allergen_petrushka
петрушка ige,allergen_petrushka
ige платан,allergen_platan
аллерген платан,allergen_platan
аллерген платан platanus acerifolia,allergen_platan
аллергия на платан,allergen_platan
платан,allergen_platan
платан ige,allergen_platan
платан platanus acerifolia,allergen_platan
ige плесневые грибы,allergen_plesnevye_griby
аллерген грибы рода кандида candida albicans,allergen_plesnevye_griby
аллерген плесень,allergen_plesnevye_griby
аллерген плесневые грибы,allergen_plesnevye_griby
аллерген плесневый гриб alternaria tenuis,allergen_plesnevye_griby
аллерген плесневый гриб aspergillus fumigatus,allergen_plesnevye_griby
аллерген плесневый гриб chaetomium globosum,allergen_plesnevye_griby
аллерген плесневый гриб cladosporium herbarum,allergen_plesnevye_griby
аллерген плесневый гриб penicillum notatum,allergen_plesnevye_griby
аллергия на плесень,allergen_plesnevye_griby
аллергия на плесневые грибы,allergen_plesnevye_griby
грибы рода кандида candida albicans,allergen_plesnevye_griby
плесень,allergen_plesnevye_griby
плесневые грибки,allergen_plesnevye_griby
плесневые грибы,allergen_plesnevye_griby
плесневые грибы ige,allergen_plesnevye_griby
плесневый гриб,allergen_plesnevye_griby
плесневый гриб alternaria tenuis,allergen_plesnevye_griby
плесневый гриб aspergillus fumigatus,allergen_plesnevye_griby
плесневый гриб chaetomium globosum,allergen_plesnevye_griby
плесневый гриб cladosporium herbarum,allergen_plesnevye_griby
плесневый гриб penicillum notatum,allergen_plesnevye_griby
ige плевел многолетний,allergen_plevel_mnogoletniy
аллерген плевел многолетний,allergen_plevel_mnogoletniy
аллерген плевел многолетний lolium perenne,allergen_plevel_mnogoletniy
аллергия на плевел многолетний,allergen_plevel_mnogoletniy
плевел многолетний,allergen_plevel_mnogoletniy
плевел многолетний ige,allergen_plevel_mnogoletniy
плевел многолетний lolium perenne,allergen_plevel_mnogoletniy
ige подорожник,allergen_podorozhnik
аллерген подорожник,allergen_podorozhnik
аллерген подорожник plantago lanceolata,allergen_podorozhnik
аллергия на подорожник,allergen_podorozhnik
подорожник,allergen_podorozhnik
подорожник ige,allergen_podorozhnik
подорожник plantago lanceolata,allergen_podorozhnik
ige подсолнечник,allergen_podsolnechnik
аллерген подсолнечник,allergen_podsolnechnik
аллергия на подсолнечник,allergen_podsolnechnik
подсолнечник,allergen_podsolnechnik
подсолнечник ige,allergen_podsolnechnik
ige полевица,allergen_polevitsa
аллерген полевица,allergen_polevitsa
аллерген полевица agrostis alba,allergen_polevitsa
аллергия на полевица,allergen_polevitsa
полевица,allergen_polevitsa
полевица agrostis alba,allergen_polevitsa
полевица ige,allergen_polevitsa
ige полынь,allergen_polyn
аллерген полынь,allergen_polyn
аллерген полынь горькая artemisia absinthum,allergen_polyn
аллерген полынь обыкновенная artemisia vulgaris,allergen_polyn
аллергия на полынь,allergen_polyn
полынь,allergen_polyn
полынь ige,allergen_polyn
полынь горькая artemisia absinthum,allergen_polyn
полынь обыкновенная artemisia vulgaris,allergen_polyn
ige попугай,allergen_popugay
аллерген попугай,allergen_popugay
аллерген попугай волнистый перо,allergen_popugay
аллерген попугай перо,allergen_popugay
аллергия на попугай,allergen_popugay
попугай,allergen_popugay
попугай ige,allergen_popugay
попугай волнистый перо,allergen_popugay
попугай перо,allergen_popugay
ige постенница лекарственная,allergen_postennitsa_lekarstvennaya
аллерген постенница лекарственная,allergen_postennitsa_lekarstvennaya
аллерген постенница лекарственная p officinalis,allergen_postennitsa_lekarstvennaya
аллергия на постенница лекарственная,allergen_postennitsa_lekarstvennaya
постенница лекарственная,allergen_postennitsa_lekarstvennaya
постенница лекарственная ige,allergen_postennitsa_lekarstvennaya
постенница лекарственная p officinalis,allergen_postennitsa_lekarstvennaya
ige просо,allergen_proso
аллерген просо,allergen_proso
аллергия на просо,allergen_proso
просо,allergen_proso
просо ige,allergen_proso
ige пшеничная мука,allergen_pshenichnaya_muka
аллерген пшеничная мука,allergen_pshenichnaya_muka
аллерген пыль пшеничной муки,allergen_pshenichnaya_muka
аллергия на пшеничная мука,allergen_pshenichnaya_muka
пшеничная мука,allergen_pshenichnaya_muka
пшеничная мука ige,allergen_pshenichnaya_muka
пыль пшеничной муки,allergen_pshenichnaya_muka
ige пшеница,allergen_pshenitsa
аллерген пшеница,allergen_pshenitsa
аллерген пшеница triticum sativum,allergen_pshenitsa
аллергия на пшеница,allergen_pshenitsa
пшеница,allergen_pshenitsa
пшеница ige,allergen_pshenitsa
пшеница triticum sativum,allergen_pshenitsa
ige рис,allergen_ris
аллерген рис,allergen_ris
аллергия на рис,allergen_ris
рис,allergen_ris
рис ige,allergen_ris
ige ромашка,allergen_romashka
аллерген нивяник,allergen_romashka
аллерген ромашка,allergen_romashka
аллерген ромашка нивяник ch leucanthenum,allergen_romashka
аллергия на нивяник,allergen_romashka
аллергия на ромашка,allergen_romashka
нивяник,allergen_romashka
ромашка,allergen_romashka
ромашка ige,allergen_romashka
ромашка нивяник ch leucanthenum,allergen_romashka
ige рожь культивированная,allergen_rozh_kultivirovannaya
аллерген рожь культивированная,allergen_rozh_kultivirovannaya
аллерген рожь культивированная secale cereale,allergen_rozh_kultivirovannaya
аллергия на рожь культивированная,allergen_rozh_kultivirovannaya
рожь культивированная,allergen_rozh_kultivirovannaya
рожь культивированная ige,allergen_rozh_kultivirovannaya
рожь культивированная secale cereale,allergen_rozh_kultivirovannaya
ige рыльца кукурузные,allergen_ryltsa_kukuruznye
аллерген рыльца кукурузные,allergen_ryltsa_kukuruznye
аллерген рыльца кукурузные zea mays,allergen_ryltsa_kukuruznye
аллергия на рыльца кукурузные,allergen_ryltsa_kukuruznye
рыльца кукурузные,allergen_ryltsa_kukuruznye
рыльца кукурузные ige,allergen_ryltsa_kukuruznye
рыльца кукурузные zea mays,allergen_ryltsa_kukuruznye
ige сардина,allergen_sardina
аллерген сардина,allergen_sardina
аллергия на сардина,allergen_sardina
сардина,allergen_sardina
сардина ige,allergen_sardina
ige сельдерей,allergen_selderey
аллерген сельдерей,allergen_selderey
аллергия на сельдерей,allergen_selderey
сельдерей,allergen_selderey
сельдерей ige,allergen_selderey
ige шелк,allergen_shelk
аллерген шелк,allergen_shelk
аллергия на шелк,allergen_shelk
шелк,allergen_shelk
шелк ige,allergen_shelk
ige шерсть,allergen_sherst
аллерген шерсть,allergen_sherst
аллергия на шерсть,allergen_sherst
шерсть,allergen_sherst
шерсть ige,allergen_sherst
ige шоколад,allergen_shokolad
аллерген шоколад,allergen_shokolad
аллергия на шоколад,allergen_shokolad
шоколад,allergen_shokolad
шоколад ige,allergen_shokolad
ige шпинат,allergen_shpinat
аллерген шпинат,allergen_shpinat
аллергия на шпинат,allergen_shpinat
шпинат,allergen_shpinat
шпинат ige,allergen_shpinat
ige скумбрия,allergen_skumbriya
аллерген скумбрия,allergen_skumbriya
аллергия на скумбрия,allergen_skumbriya
скумбрия,allergen_skumbriya
скумбрия ige,allergen_skumbriya
ige слепень,allergen_slepen
аллерген сем tabanidae,allergen_slepen
аллерген слепень,allergen_slepen
аллерген слепень сем tabanidae,allergen_slepen
аллергия на сем tabanidae,allergen_slepen
аллергия на слепень,allergen_slepen
сем tabanidae,allergen_slepen
слепень,allergen_slepen
слепень ige,allergen_slepen
слепень сем tabanidae,allergen_slepen
ige слива,allergen_sliva
аллерген слива,allergen_sliva
аллергия на слива,allergen_sliva
слива,allergen_sliva
слива ige,allergen_sliva
ige собака,allergen_sobaka
аллерген собака,allergen_sobaka
аллерген собака перхоть,allergen_sobaka
аллерген собака эпителий,allergen_sobaka
аллергия на собака,allergen_sobaka
собака,allergen_sobaka
собака ige,allergen_sobaka
собака перхоть,allergen_sobaka
собака эпителий,allergen_sobaka
ige солод,allergen_solod
аллерген солод,allergen_solod
аллергия на солод,allergen_solod
солод,allergen_solod
солод ige,allergen_solod
ige сосна белая,allergen_sosna_belaya
аллерген сосна белая,allergen_sosna_belaya
аллерген сосна белая pinus silvestris,allergen_sosna_belaya
аллергия на сосна белая,allergen_sosna_belaya
сосна белая,allergen_sosna_belaya
сосна белая ige,allergen_sosna_belaya
сосна белая pinus silvestris,allergen_sosna_belaya
ige спаржа,allergen_sparzha
аллерген спаржа,allergen_sparzha
аллергия на спаржа,allergen_sparzha
спаржа,allergen_sparzha
спаржа ige,allergen_sparzha
ige свинина,allergen_svinina
аллерген свинина,allergen_svinina
аллергия на свинина,allergen_svinina
свинина,allergen_svinina
свинина ige,allergen_svinina
ige свинья,allergen_svinya
аллерген свинья,allergen_svinya
аллерген свинья эпителий,allergen_svinya
аллергия на свинья,allergen_svinya
свинья,allergen_svinya
свинья ige,allergen_svinya
свинья эпителий,allergen_svinya
ige сыр,allergen_syr
аллерген сыр,allergen_syr
аллерген сыр типа моулд,allergen_syr
аллерген сыр типа чеддер,allergen_syr
аллергия на сыр,allergen_syr
сыр,allergen_syr
сыр ige,allergen_syr
сыр типа моулд,allergen_syr
сыр типа чеддер,allergen_syr
ige таракан рыжий,allergen_tarakan_ryzhiy
аллерген таракан рыжий,allergen_tarakan_ryzhiy
аллерген таракан рыжий blatella germanica,allergen_tarakan_ryzhiy
аллергия на таракан рыжий,allergen_tarakan_ryzhiy
таракан рыжий,allergen_tarakan_ryzhiy
таракан рыжий blatella germanica,allergen_tarakan_ryzhiy
таракан рыжий ige,allergen_tarakan_ryzhiy
ige тимофеевка,allergen_timofeevka
аллерген тимофеевка,allergen_timofeevka
аллерген тимофеевка phleum pratense,allergen_timofeevka
аллерген тимофеевка луговая,allergen_timofeevka
аллергия на тимофеевка,allergen_timofeevka
тимофеевка,allergen_timofeevka
тимофеевка ige,allergen_timofeevka
тимофеевка phleum pratense,allergen_timofeevka
тимофеевка луговая,allergen_timofeevka
ige томат,allergen_tomat
аллерген томат,allergen_tomat
аллергия на томат,allergen_tomat
томат,allergen_tomat
томат ige,allergen_tomat
ige тополь,allergen_topol
аллерген тополь,allergen_topol
аллерген тополь populas spp,allergen_topol
аллергия на тополь,allergen_topol
тополь,allergen_topol
тополь ige,allergen_topol
тополь populas spp,allergen_topol
ige треска,allergen_treska
аллерген треска,allergen_treska
аллергия на треска,allergen_treska
треска,allergen_treska
треска ige,allergen_treska
ige цефуроксим,allergen_tsefuroksim
аллерген цефуроксим,allergen_tsefuroksim
аллергия на цефуроксим,allergen_tsefuroksim
цефуроксим,allergen_tsefuroksim
цефуроксим ige,allergen_tsefuroksim
ige ципрофлоксацин,allergen_tsiprofloksatsin
аллерген ципрофлоксацин,allergen_tsiprofloksatsin
аллергия на ципрофлоксацин,allergen_tsiprofloksatsin
ципрофлоксацин,allergen_tsiprofloksatsin
ципрофлоксацин ige,allergen_tsiprofloksatsin
ige тунец,allergen_tunets
аллерген тунец,allergen_tunets
аллергия на тунец,allergen_tunets
тунец,allergen_tunets
тунец ige,allergen_tunets
ige тыква,allergen_tykva
аллерген тыква,allergen_tykva
аллергия на тыква,allergen_tykva
тыква,allergen_tykva
тыква ige,allergen_tykva
ige устрицы,allergen_ustritsy
аллерген устрицы,allergen_ustritsy
аллергия на устрицы,allergen_ustritsy
устрицы,allergen_ustritsy
устрицы ige,allergen_ustritsy
ige утка,allergen_utka
аллерген утка,allergen_utka
аллерген утка перо,allergen_utka
аллергия на утка,allergen_utka
утка,allergen_utka
утка ige,allergen_utka
утка перо,allergen_utka
ige ваниль,allergen_vanil
аллерген ваниль,allergen_vanil
аллергия на ваниль,allergen_vanil
ваниль,allergen_vanil
ваниль ige,allergen_vanil
ige виноград,allergen_vinograd
аллерген виноград,allergen_vinograd
аллергия на виноград,allergen_vinograd
виноград,allergen_vinograd
виноград ige,allergen_vinograd
ige вишня,allergen_vishnya
аллерген вишня,allergen_vishnya
аллергия на вишня,allergen_vishnya
вишня,allergen_vishnya
вишня ige,allergen_vishnya
ige вяз,allergen_vyaz
аллерген вяз,allergen_vyaz
аллерген вяз ulmus spp,allergen_vyaz
аллергия на вяз,allergen_vyaz
вяз,allergen_vyaz
вяз ige,allergen_vyaz
вяз ulmus spp,allergen_vyaz
ige яблоко,allergen_yabloko
аллерген яблоко,allergen_yabloko
аллергия на яблоко,allergen_yabloko
яблоко,allergen_yabloko
яблоко ige,allergen_yabloko
ige яд осы,allergen_yad_osy
аллерген род polistes,allergen_yad_osy
аллерген род vespula,allergen_yad_osy
аллерген яд осиный род polistes,allergen_yad_osy
аллерген яд осиный род vespula,allergen_yad_osy
аллерген яд осы,allergen_yad_osy
аллергия на род polistes,allergen_yad_osy
аллергия на род vespula,allergen_yad_osy
аллергия на яд осы,allergen_yad_osy
род polistes,allergen_yad_osy
род vespula,allergen_yad_osy
яд осиный род polistes,allergen_yad_osy
яд осиный род vespula,allergen_yad_osy
яд осы,allergen_yad_osy
яд осы ige,allergen_yad_osy
ige яд пчелы,allergen_yad_pchely
аллерген яд пчелы,allergen_yad_pchely
аллерген яд пчелы apis mellifera,allergen_yad_pchely
аллергия на яд пчелы,allergen_yad_pchely
яд пчелы,allergen_yad_pchely
яд пчелы apis mellifera,allergen_yad_pchely
яд пчелы ige,allergen_yad_pchely
ige яд шершня,allergen_yad_shershnya
аллерген оса пятнистая,allergen_yad_shershnya
аллерген шершень оса пятнистая d maculata,allergen_yad_shershnya
аллерген яд шершня,allergen_yad_shershnya
аллергия на оса пятнистая,allergen_yad_shershnya
аллергия на яд шершня,allergen_yad_shershnya
оса пятнистая,allergen_yad_shershnya
шершень оса пятнистая d maculata,allergen_yad_shershnya
яд шершня,allergen_yad_shershnya
яд шершня ige,allergen_yad_shershnya
ige ягоды,allergen_yagody
аллерген брусника,allergen_yagody
аллерген голубика,allergen_yagody
аллерген черника,allergen_yagody
аллерген ягоды,allergen_yagody
аллерген ягоды черника голубика брусника,allergen_yagody
аллергия на брусника,allergen_yagody
аллергия на голубика,allergen_yagody
аллергия на черника,allergen_yagody
аллергия на ягоды,allergen_yagody
брусника,allergen_yagody
голубика,allergen_yagody
черника,allergen_yagody
ягоды,allergen_yagody
ягоды ige,allergen_yagody
ягоды черника голубика брусника,allergen_yagody
ige ясень американский,allergen_yasen_amerikanskiy
аллерген ясень американский,allergen_yasen_amerikanskiy
аллерген ясень американский fraxinus americana,allergen_yasen_amerikanskiy
аллергия на ясень американский,allergen_yasen_amerikanskiy
ясень американский,allergen_yasen_amerikanskiy
ясень американский fraxinus americana,allergen_yasen_amerikanskiy
ясень американский ige,allergen_yasen_amerikanskiy
ige яйцо,allergen_yaytso
аллерген белок яичный,allergen_yaytso
аллерген желток яичный,allergen_yaytso
аллерген овальбумин,allergen_yaytso
аллерген овомукоид,allergen_yaytso
аллерген яйцо,allergen_yaytso
аллерген яйцо куриное,allergen_yaytso
аллергия на яйцо,allergen_yaytso
белок яичный,allergen_yaytso
желток яичный,allergen_yaytso
овальбумин,allergen_yaytso
овомукоид,allergen_yaytso
яйцо,allergen_yaytso
яйцо ige,allergen_yaytso
яйцо куриное,allergen_yaytso
клинический анализ крови,cbc
клинический анализ крови без лейкоформулы,cbc
клинический анализ крови с лейкоформулой,cbc
оак,cbc
общий анализ крови,cbc
общий анализ крови без лейкоформулы,cbc
общий анализ крови с лейкоформулой,cbc
d dimer,d_dimer
д димер,d_dimer
оам,urine_general
общий анализ мочи,urine_general
